{
  "Arch_Shallow_32": {
    "accuracy": 0.6666666666666666,
    "precision": 0.4782608695652174,
    "recall": 0.5789473684210527,
    "f1": 0.5238095238095238,
    "auc": 0.7586649550706034,
    "epochs_trained": 100,
    "final_train_loss": 0.4637875258922577,
    "final_val_loss": 0.36557555198669434
  },
  "Arch_Shallow_64": {
    "accuracy": 0.6666666666666666,
    "precision": 0.4782608695652174,
    "recall": 0.5789473684210527,
    "f1": 0.5238095238095238,
    "auc": 0.7548138639281129,
    "epochs_trained": 100,
    "final_train_loss": 0.4550977349281311,
    "final_val_loss": 0.3459377586841583
  },
  "Arch_Shallow_128": {
    "accuracy": 0.7,
    "precision": 0.52,
    "recall": 0.6842105263157895,
    "f1": 0.5909090909090909,
    "auc": 0.748395378690629,
    "epochs_trained": 100,
    "final_train_loss": 0.449633926153183,
    "final_val_loss": 0.3334580659866333
  },
  "Arch_Medium_64_32": {
    "accuracy": 0.7166666666666667,
    "precision": 0.5454545454545454,
    "recall": 0.631578947368421,
    "f1": 0.5853658536585366,
    "auc": 0.7496790757381258,
    "epochs_trained": 94,
    "final_train_loss": 0.40797480940818787,
    "final_val_loss": 0.3390235900878906
  },
  "Arch_Medium_128_64": {
    "accuracy": 0.6833333333333333,
    "precision": 0.5,
    "recall": 0.5789473684210527,
    "f1": 0.5365853658536586,
    "auc": 0.730423620025674,
    "epochs_trained": 79,
    "final_train_loss": 0.40817540884017944,
    "final_val_loss": 0.3136671483516693
  },
  "Arch_Deep_128_64_32": {
    "accuracy": 0.6833333333333333,
    "precision": 0.5,
    "recall": 0.5789473684210527,
    "f1": 0.5365853658536586,
    "auc": 0.748395378690629,
    "epochs_trained": 41,
    "final_train_loss": 0.40520769357681274,
    "final_val_loss": 0.3431512117385864
  },
  "Arch_Deep_256_128_64": {
    "accuracy": 0.7,
    "precision": 0.5238095238095238,
    "recall": 0.5789473684210527,
    "f1": 0.55,
    "auc": 0.7419768934531451,
    "epochs_trained": 41,
    "final_train_loss": 0.3861832916736603,
    "final_val_loss": 0.3780961036682129
  },
  "Activation_relu": {
    "accuracy": 0.6833333333333333,
    "precision": 0.5,
    "recall": 0.5789473684210527,
    "f1": 0.5365853658536586,
    "auc": 0.7342747111681643,
    "epochs_trained": 79,
    "final_train_loss": 0.40871450304985046,
    "final_val_loss": 0.3113219439983368
  },
  "Activation_leaky_relu": {
    "accuracy": 0.6666666666666666,
    "precision": 0.4782608695652174,
    "recall": 0.5789473684210527,
    "f1": 0.5238095238095238,
    "auc": 0.7406931964056482,
    "epochs_trained": 49,
    "final_train_loss": 0.4244855046272278,
    "final_val_loss": 0.32825908064842224
  },
  "Activation_elu": {
    "accuracy": 0.7,
    "precision": 0.5217391304347826,
    "recall": 0.631578947368421,
    "f1": 0.5714285714285714,
    "auc": 0.7676508344030808,
    "epochs_trained": 100,
    "final_train_loss": 0.47123467922210693,
    "final_val_loss": 0.32403895258903503
  },
  "Dropout_0.0": {
    "accuracy": 0.6833333333333333,
    "precision": 0.5,
    "recall": 0.631578947368421,
    "f1": 0.5581395348837209,
    "auc": 0.7329910141206675,
    "epochs_trained": 68,
    "final_train_loss": 0.4089615046977997,
    "final_val_loss": 0.32863423228263855
  },
  "Dropout_0.2": {
    "accuracy": 0.6833333333333333,
    "precision": 0.5,
    "recall": 0.5789473684210527,
    "f1": 0.5365853658536586,
    "auc": 0.7445442875481386,
    "epochs_trained": 49,
    "final_train_loss": 0.4490598142147064,
    "final_val_loss": 0.340316504240036
  },
  "Dropout_0.3": {
    "accuracy": 0.6833333333333333,
    "precision": 0.5,
    "recall": 0.631578947368421,
    "f1": 0.5581395348837209,
    "auc": 0.7586649550706034,
    "epochs_trained": 64,
    "final_train_loss": 0.4578133523464203,
    "final_val_loss": 0.3503445088863373
  },
  "Dropout_0.5": {
    "accuracy": 0.7166666666666667,
    "precision": 0.5416666666666666,
    "recall": 0.6842105263157895,
    "f1": 0.6046511627906976,
    "auc": 0.7689345314505777,
    "epochs_trained": 65,
    "final_train_loss": 0.46716946363449097,
    "final_val_loss": 0.3696713447570801
  },
  "L2_0.0": {
    "accuracy": 0.6666666666666666,
    "precision": 0.4782608695652174,
    "recall": 0.5789473684210527,
    "f1": 0.5238095238095238,
    "auc": 0.7406931964056482,
    "epochs_trained": 79,
    "final_train_loss": 0.4053308069705963,
    "final_val_loss": 0.32520443201065063
  },
  "L2_0.001": {
    "accuracy": 0.7166666666666667,
    "precision": 0.5384615384615384,
    "recall": 0.7368421052631579,
    "f1": 0.6222222222222222,
    "auc": 0.7329910141206675,
    "epochs_trained": 100,
    "final_train_loss": 0.45269420742988586,
    "final_val_loss": 0.37130963802337646
  },
  "L2_0.01": {
    "accuracy": 0.7,
    "precision": 0.5294117647058824,
    "recall": 0.47368421052631576,
    "f1": 0.5,
    "auc": 0.766367137355584,
    "epochs_trained": 77,
    "final_train_loss": 0.5027519464492798,
    "final_val_loss": 0.41900816559791565
  },
  "L2_0.1": {
    "accuracy": 0.7333333333333333,
    "precision": 0.8,
    "recall": 0.21052631578947367,
    "f1": 0.3333333333333333,
    "auc": 0.8202824133504493,
    "epochs_trained": 100,
    "final_train_loss": 0.5884848833084106,
    "final_val_loss": 0.5228314995765686
  },
  "Optimizer_Adam": {
    "accuracy": 0.75,
    "precision": 0.6111111111111112,
    "recall": 0.5789473684210527,
    "f1": 0.5945945945945946,
    "auc": 0.7766367137355583,
    "epochs_trained": 100,
    "final_train_loss": 0.5219147205352783,
    "final_val_loss": 0.4123685359954834
  },
  "Optimizer_SGD": {
    "accuracy": 0.7166666666666667,
    "precision": 0.55,
    "recall": 0.5789473684210527,
    "f1": 0.5641025641025641,
    "auc": 0.7804878048780488,
    "epochs_trained": 100,
    "final_train_loss": 0.5237273573875427,
    "final_val_loss": 0.4237529933452606
  },
  "Optimizer_RMSprop": {
    "accuracy": 0.6666666666666666,
    "precision": 0.47619047619047616,
    "recall": 0.5263157894736842,
    "f1": 0.5,
    "auc": 0.7625160462130937,
    "epochs_trained": 100,
    "final_train_loss": 0.5206047892570496,
    "final_val_loss": 0.4296538829803467
  },
  "Best_MLP": {
    "accuracy": 0.7166666666666667,
    "precision": 0.5555555555555556,
    "recall": 0.5263157894736842,
    "f1": 0.5405405405405406,
    "auc": 0.7766367137355584,
    "epochs_trained": 94,
    "final_train_loss": 0.5343133211135864,
    "final_val_loss": 0.4146834909915924
  }
}